uid,first_name,last_name,gender,age,email,password
10001,Rage,GERMANO,F,34,10001@deepmovie.com,10001Rage
10002,Allyse,ALCID,F,23,10002@deepmovie.com,10002Allyse
10003,Catelyn,SATTA,M,43,10003@deepmovie.com,10003Catelyn
10004,Icelynn,CANOLE,M,33,10004@deepmovie.com,10004Icelynn
10005,Larkyn,PASSIONE,F,31,10005@deepmovie.com,10005Larkyn
10006,Ku,LODZINSKI,F,26,10006@deepmovie.com,10006Ku
10007,Jessie,NAHODIL,F,42,10007@deepmovie.com,10007Jessie
10008,Tahj,PRUTCH,F,26,10008@deepmovie.com,10008Tahj
10009,Mylon,WIETRZYKOWSKI,F,40,10009@deepmovie.com,10009Mylon
10010,Aerial,BARTHEN,F,30,10010@deepmovie.com,10010Aerial
10011,Linsey,SALTSGIVER,F,35,10011@deepmovie.com,10011Linsey
10012,Mohammedali,KOBI,F,33,10012@deepmovie.com,10012Mohammedali
10013,Mindel,LETTERLE,F,39,10013@deepmovie.com,10013Mindel
10014,Samaira,ERTTER,F,41,10014@deepmovie.com,10014Samaira
10015,Lenox,TARASCHI,F,26,10015@deepmovie.com,10015Lenox
10016,Field,BUGA,F,43,10016@deepmovie.com,10016Field
10017,Charlotteann,HLAVSA,F,40,10017@deepmovie.com,10017Charlotteann
10018,Jaelin,PACHAN,F,43,10018@deepmovie.com,10018Jaelin
10019,Vianny,COCHRELL,F,47,10019@deepmovie.com,10019Vianny
10020,Ryad,COBE,F,23,10020@deepmovie.com,10020Ryad
10021,Madisynn,MANZANEDO,F,49,10021@deepmovie.com,10021Madisynn
10022,Anala,EVANKOVICH,F,22,10022@deepmovie.com,10022Anala
10023,Roarke,BONK,F,29,10023@deepmovie.com,10023Roarke
10024,Sumayo,TORRESTORRES,F,37,10024@deepmovie.com,10024Sumayo
10025,Zimere,EBMEIER,F,43,10025@deepmovie.com,10025Zimere
10026,Telvin,SOCKRIDER,F,40,10026@deepmovie.com,10026Telvin
10027,Lilymae,STUBBEN,F,37,10027@deepmovie.com,10027Lilymae
10028,Riker,DRAGSETH,F,39,10028@deepmovie.com,10028Riker
10029,Azrielle,ARETAKIS,F,26,10029@deepmovie.com,10029Azrielle
10030,Mulan,WYZARD,F,35,10030@deepmovie.com,10030Mulan
10031,Gemma,BERBERT,F,54,10031@deepmovie.com,10031Gemma
10032,Mckensie,KELLAN,F,15,10032@deepmovie.com,10032Mckensie
10033,Antares,MANLICK,F,33,10033@deepmovie.com,10033Antares
10034,Anh,SCHUPPEL,F,34,10034@deepmovie.com,10034Anh
10035,Loveah,WAKI,F,27,10035@deepmovie.com,10035Loveah
10036,Harleequinn,ALAMERI,F,33,10036@deepmovie.com,10036Harleequinn
10037,Maurilio,STUETTGEN,F,35,10037@deepmovie.com,10037Maurilio
10038,Severo,BAHK,F,32,10038@deepmovie.com,10038Severo
10039,Nyshawn,HICKENBOTHAM,F,34,10039@deepmovie.com,10039Nyshawn
10040,Lynx,DYDO,F,26,10040@deepmovie.com,10040Lynx
10041,Hiroki,SIGWART,F,39,10041@deepmovie.com,10041Hiroki
10042,Makena,REGIS,F,29,10042@deepmovie.com,10042Makena
10043,Yona,KITKA,F,26,10043@deepmovie.com,10043Yona
10044,Lydia,BRANDONISIO,F,51,10044@deepmovie.com,10044Lydia
10045,Arryanna,WAPELHORST,F,30,10045@deepmovie.com,10045Arryanna
10046,Dajohn,FABELA,F,31,10046@deepmovie.com,10046Dajohn
10047,Elaine,ECHAVE,F,19,10047@deepmovie.com,10047Elaine
10048,Juanluis,RODERY,F,38,10048@deepmovie.com,10048Juanluis
10049,Isobel,DABAL,F,26,10049@deepmovie.com,10049Isobel
10050,Abisola,PATIN,F,29,10050@deepmovie.com,10050Abisola
10051,Dashiel,WYMER,F,40,10051@deepmovie.com,10051Dashiel
10052,Madilyn,GLAY,F,39,10052@deepmovie.com,10052Madilyn
10053,Malk,RYGALSKI,F,29,10053@deepmovie.com,10053Malk
10054,Ottilia,NAUERTZ,F,39,10054@deepmovie.com,10054Ottilia
10055,Draycen,BOYCHUCK,F,38,10055@deepmovie.com,10055Draycen
10056,Sameer,KNIELING,F,33,10056@deepmovie.com,10056Sameer
10057,Jamilya,GOLEMO,F,27,10057@deepmovie.com,10057Jamilya
10058,Jadon,ZAWIERUCHA,F,38,10058@deepmovie.com,10058Jadon
10059,Stefanos,GABRIELLA,F,22,10059@deepmovie.com,10059Stefanos
10060,Mya,SCHALLES,M,38,10060@deepmovie.com,10060Mya
10061,Jaxx,LASTRES,F,35,10061@deepmovie.com,10061Jaxx
10062,Tayelor,SININGER,F,25,10062@deepmovie.com,10062Tayelor
10063,Symiah,CALDIERO,F,26,10063@deepmovie.com,10063Symiah
10064,Jlah,INDIA,F,55,10064@deepmovie.com,10064Jlah
10065,Bristyl,RAJCA,F,18,10065@deepmovie.com,10065Bristyl
10066,Annalynne,ZAMBARANO,F,35,10066@deepmovie.com,10066Annalynne
10067,Sabreen,MARUSZEWSKI,F,32,10067@deepmovie.com,10067Sabreen
10068,Akiya,FIETSAM,F,38,10068@deepmovie.com,10068Akiya
10069,Nicola,SYPHUS,F,37,10069@deepmovie.com,10069Nicola
10070,Ioanna,ROKUS,F,42,10070@deepmovie.com,10070Ioanna
10071,Ahnylah,SHAKED,M,41,10071@deepmovie.com,10071Ahnylah
10072,Maleka,MALLAY,F,35,10072@deepmovie.com,10072Maleka
10073,Chrissy,NATSCHKE,F,23,10073@deepmovie.com,10073Chrissy
10074,Sterling,TALA,F,32,10074@deepmovie.com,10074Sterling
10075,Denim,MACEACHEN,M,39,10075@deepmovie.com,10075Denim
10076,Addyline,LUDEKING,M,39,10076@deepmovie.com,10076Addyline
10077,Shatha,VAVRICK,M,44,10077@deepmovie.com,10077Shatha
10078,Jerzy,MCGARRAHAN,M,33,10078@deepmovie.com,10078Jerzy
10079,Kadija,KRIEHN,M,25,10079@deepmovie.com,10079Kadija
10080,Shadow,HAGLAND,M,30,10080@deepmovie.com,10080Shadow
10081,Caylor,MARGE,M,37,10081@deepmovie.com,10081Caylor
10082,Cameo,WENSMANN,F,42,10082@deepmovie.com,10082Cameo
10083,Annalynne,MACHOVINA,M,43,10083@deepmovie.com,10083Annalynne
10084,Dannon,VANHULZEN,M,41,10084@deepmovie.com,10084Dannon
10085,Ellina,KAL,M,25,10085@deepmovie.com,10085Ellina
10086,Koal,FOEGEN,M,31,10086@deepmovie.com,10086Koal
10087,Hartley,WOOTEN,M,39,10087@deepmovie.com,10087Hartley
10088,Lyann,SMAGALA,M,37,10088@deepmovie.com,10088Lyann
10089,Rhyder,STROHL,M,41,10089@deepmovie.com,10089Rhyder
10090,Miriah,HEITMEIER,M,25,10090@deepmovie.com,10090Miriah
10091,Davonna,MUEHLFELD,M,39,10091@deepmovie.com,10091Davonna
10092,Yaniv,KAMEROFF,M,12,10092@deepmovie.com,10092Yaniv
10093,Aditi,COUGHTRY,M,31,10093@deepmovie.com,10093Aditi
10094,Tarell,MUMMERY,M,35,10094@deepmovie.com,10094Tarell
10095,Caitlynn,SKLOSS,M,32,10095@deepmovie.com,10095Caitlynn
10096,Avakate,THEODOSIS,M,41,10096@deepmovie.com,10096Avakate
10097,Raeleen,JASPERING,M,33,10097@deepmovie.com,10097Raeleen
10098,Cadence,CULPS,M,35,10098@deepmovie.com,10098Cadence
10099,Amiel,SABATE,M,40,10099@deepmovie.com,10099Amiel
10100,Audry,MOZZICATO,M,27,10100@deepmovie.com,10100Audry
10101,Rhiannon,CASTONIA,M,46,10101@deepmovie.com,10101Rhiannon
10102,Caige,ALAIN,M,29,10102@deepmovie.com,10102Caige
10103,Granger,CONERS,M,39,10103@deepmovie.com,10103Granger
10104,Amiel,JENCKES,F,36,10104@deepmovie.com,10104Amiel
10105,Dashell,KAJIOKA,M,31,10105@deepmovie.com,10105Dashell
10106,Briceyda,KUEBLER,M,35,10106@deepmovie.com,10106Briceyda
10107,Kherington,SKAWSKI,M,37,10107@deepmovie.com,10107Kherington
10108,Toby,COLONNA,M,31,10108@deepmovie.com,10108Toby
10109,Lawrence,CROWSON,M,52,10109@deepmovie.com,10109Lawrence
10110,Jenavee,POGGENSEE,M,26,10110@deepmovie.com,10110Jenavee
10111,Calley,ROVIN,M,35,10111@deepmovie.com,10111Calley
10112,Nels,STASEL,M,44,10112@deepmovie.com,10112Nels
10113,Crosley,ROTHOVE,M,39,10113@deepmovie.com,10113Crosley
10114,Kamrie,PAROS,M,43,10114@deepmovie.com,10114Kamrie
10115,Elleni,CIUS,M,22,10115@deepmovie.com,10115Elleni
10116,Koralie,MADELL,M,33,10116@deepmovie.com,10116Koralie
10117,Naturi,STANSIFER,M,35,10117@deepmovie.com,10117Naturi
10118,Keymon,VANDERVORST,M,45,10118@deepmovie.com,10118Keymon
10119,Cain,SUOMINEN,M,28,10119@deepmovie.com,10119Cain
10120,Yoshua,DARWICHE,M,34,10120@deepmovie.com,10120Yoshua
10121,Taara,TRENERY,M,50,10121@deepmovie.com,10121Taara
10122,Jahan,ZUZEK,M,38,10122@deepmovie.com,10122Jahan
10123,Jazmynn,SELES,M,38,10123@deepmovie.com,10123Jazmynn
10124,Maelia,SCHERI,M,34,10124@deepmovie.com,10124Maelia
10125,Anayelli,GREMER,M,44,10125@deepmovie.com,10125Anayelli
10126,Mai,FRANTZIS,M,20,10126@deepmovie.com,10126Mai
10127,Casey,GENKIN,F,28,10127@deepmovie.com,10127Casey
10128,Cassiopeia,MACVANE,M,30,10128@deepmovie.com,10128Cassiopeia
10129,Keyler,BOETTIGER,M,36,10129@deepmovie.com,10129Keyler
10130,Cyleigh,GADACZ,M,35,10130@deepmovie.com,10130Cyleigh
10131,Rithwik,BURDEAU,M,17,10131@deepmovie.com,10131Rithwik
10132,Berenise,HOLLNAGEL,M,35,10132@deepmovie.com,10132Berenise
10133,Rim,DUNDER,M,28,10133@deepmovie.com,10133Rim
10134,Laike,SLUTSKAYA,M,57,10134@deepmovie.com,10134Laike
10135,Mayar,BUSCHOR,M,32,10135@deepmovie.com,10135Mayar
10136,Aryana,OOT,M,43,10136@deepmovie.com,10136Aryana
10137,Anistynn,QUESTELL,M,30,10137@deepmovie.com,10137Anistynn
10138,Jhoselyn,DALUGA,M,33,10138@deepmovie.com,10138Jhoselyn
10139,Tavin,GOTWALD,M,28,10139@deepmovie.com,10139Tavin
10140,Ambika,BACKSCHEIDER,M,41,10140@deepmovie.com,10140Ambika
10141,Theus,BUGGEY,M,45,10141@deepmovie.com,10141Theus
10142,Shasmeen,JESSIP,M,24,10142@deepmovie.com,10142Shasmeen
10143,Kenslee,BRISLAWN,M,39,10143@deepmovie.com,10143Kenslee
10144,Anthon,QUINTARD,M,41,10144@deepmovie.com,10144Anthon
10145,Audiana,OREMUS,M,46,10145@deepmovie.com,10145Audiana
10146,Skyli,YOXTHEIMER,M,31,10146@deepmovie.com,10146Skyli
10147,Chiemerie,GRONSKY,M,47,10147@deepmovie.com,10147Chiemerie
10148,Channon,STAHEL,M,26,10148@deepmovie.com,10148Channon
10149,Aline,RINE,F,37,10149@deepmovie.com,10149Aline
10150,Remy,TUKEY,M,32,10150@deepmovie.com,10150Remy
10151,Kamalani,PROPER,M,33,10151@deepmovie.com,10151Kamalani
10152,Patton,COZZIE,M,45,10152@deepmovie.com,10152Patton
10153,Wilmary,ZUCAL,M,40,10153@deepmovie.com,10153Wilmary
10154,Sareena,KEOVILAY,M,59,10154@deepmovie.com,10154Sareena
10155,Midori,GOLLMER,M,35,10155@deepmovie.com,10155Midori
10156,Rain,MACROBERTS,M,30,10156@deepmovie.com,10156Rain
10157,Albana,NESSELROTTE,M,45,10157@deepmovie.com,10157Albana
10158,Jailey,ISIDOR,M,38,10158@deepmovie.com,10158Jailey
10159,Jethro,EDENTON,M,32,10159@deepmovie.com,10159Jethro
10160,Makinzee,DANTLEY,M,46,10160@deepmovie.com,10160Makinzee
10161,Lucianne,MCKELLAR,M,48,10161@deepmovie.com,10161Lucianne
10162,Dezmon,LAVERGHETTA,M,24,10162@deepmovie.com,10162Dezmon
10163,Emon,BAJA,M,33,10163@deepmovie.com,10163Emon
10164,Korrine,SKARO,M,45,10164@deepmovie.com,10164Korrine
10165,Rynlee,GELUSO,M,30,10165@deepmovie.com,10165Rynlee
10166,Yareliz,FLANIKEN,M,50,10166@deepmovie.com,10166Yareliz
10167,Braelynn,CASBARRO,M,35,10167@deepmovie.com,10167Braelynn
10168,Lucilia,TIPPEY,M,39,10168@deepmovie.com,10168Lucilia
10169,Madicyn,DISKEY,M,37,10169@deepmovie.com,10169Madicyn
10170,Kiel,ROSSKOPF,M,27,10170@deepmovie.com,10170Kiel
10171,Roberta,HASENBEIN,F,35,10171@deepmovie.com,10171Roberta
10172,Zacharyah,CUTKOMP,M,30,10172@deepmovie.com,10172Zacharyah
10173,Raianna,HELFFRICH,M,33,10173@deepmovie.com,10173Raianna
10174,Arbor,KALICHARAN,M,45,10174@deepmovie.com,10174Arbor
10175,Naomee,BRUSTMAN,M,41,10175@deepmovie.com,10175Naomee
10176,Jakaree,BERTUCCIO,M,34,10176@deepmovie.com,10176Jakaree
10177,Chinyere,SKLUT,M,38,10177@deepmovie.com,10177Chinyere
10178,Megha,DAFFNER,M,48,10178@deepmovie.com,10178Megha
10179,Hart,JORENBY,M,36,10179@deepmovie.com,10179Hart
10180,Kaio,FREYALDENHOVEN,M,33,10180@deepmovie.com,10180Kaio
10181,Jerrion,DEBOWER,M,42,10181@deepmovie.com,10181Jerrion
10182,Charith,CHEMA,F,31,10182@deepmovie.com,10182Charith
10183,Ramlah,MOTIN,M,26,10183@deepmovie.com,10183Ramlah
10184,Tatyanna,VILLANUVA,M,51,10184@deepmovie.com,10184Tatyanna
10185,Michaelangelo,BESHAY,M,27,10185@deepmovie.com,10185Michaelangelo
10186,Baden,ROLF,M,37,10186@deepmovie.com,10186Baden
10187,Adnaan,SMAJIC,M,39,10187@deepmovie.com,10187Adnaan
10188,Bethia,GIRDLESTONE,M,33,10188@deepmovie.com,10188Bethia
10189,Naima,BARONAS,M,51,10189@deepmovie.com,10189Naima
10190,Joviana,AMIRA,M,51,10190@deepmovie.com,10190Joviana
10191,Lamin,LAURELLI,M,39,10191@deepmovie.com,10191Lamin
10192,Estefania,BAUGUSS,M,23,10192@deepmovie.com,10192Estefania
10193,Khilynn,WERTEL,F,39,10193@deepmovie.com,10193Khilynn
10194,Jeresiah,MOLENKAMP,M,22,10194@deepmovie.com,10194Jeresiah
10195,Ubaidullah,BAGGET,M,40,10195@deepmovie.com,10195Ubaidullah
10196,Viha,BERIO,F,43,10196@deepmovie.com,10196Viha
10197,Ellanor,LOWSON,F,38,10197@deepmovie.com,10197Ellanor
10198,Murphy,DIETHORN,F,46,10198@deepmovie.com,10198Murphy
10199,Deklin,MINNINGER,F,37,10199@deepmovie.com,10199Deklin
10200,Sussy,HERBSTREIT,F,28,10200@deepmovie.com,10200Sussy
10201,Zayveon,WISDA,F,32,10201@deepmovie.com,10201Zayveon
10202,Ahnaleigh,WOODBURN,F,45,10202@deepmovie.com,10202Ahnaleigh
10203,Nayela,LANGMEAD,F,18,10203@deepmovie.com,10203Nayela
10204,Biruk,TWENTE,M,37,10204@deepmovie.com,10204Biruk
10205,Lizzie,BRASKETT,F,25,10205@deepmovie.com,10205Lizzie
10206,Janziel,SHUFORD,F,54,10206@deepmovie.com,10206Janziel
10207,Iya,KENAWELL,F,22,10207@deepmovie.com,10207Iya
10208,Hillary,BEAKES,F,16,10208@deepmovie.com,10208Hillary
10209,Adut,MELIK,F,42,10209@deepmovie.com,10209Adut
10210,Jemina,WILLIAME,F,41,10210@deepmovie.com,10210Jemina
10211,Elshaddai,BLANER,F,28,10211@deepmovie.com,10211Elshaddai
10212,Kylin,MEIDLINGER,F,32,10212@deepmovie.com,10212Kylin
10213,Amram,KETTLER,F,22,10213@deepmovie.com,10213Amram
10214,Ishaani,SCHWOCHERT,F,32,10214@deepmovie.com,10214Ishaani
10215,Ronan,LEREBOURS,F,40,10215@deepmovie.com,10215Ronan
10216,Kentyn,DIPRE,F,36,10216@deepmovie.com,10216Kentyn
10217,Darris,LOPEZGOMEZ,F,33,10217@deepmovie.com,10217Darris
10218,Chloegrace,BONACK,F,29,10218@deepmovie.com,10218Chloegrace
10219,Raighan,FLETTER,F,43,10219@deepmovie.com,10219Raighan
10220,Paulina,DUCO,F,49,10220@deepmovie.com,10220Paulina
10221,Raycen,NEVIN,F,46,10221@deepmovie.com,10221Raycen
10222,Antigone,MEINTZER,F,24,10222@deepmovie.com,10222Antigone
10223,Aalijah,CZERKIES,F,36,10223@deepmovie.com,10223Aalijah
10224,Emilly,BULLERI,F,28,10224@deepmovie.com,10224Emilly
10225,Wendy,DABBRACCIO,F,32,10225@deepmovie.com,10225Wendy
10226,Elizandra,LIS,M,38,10226@deepmovie.com,10226Elizandra
10227,Paelyn,MUNERLYN,F,57,10227@deepmovie.com,10227Paelyn
10228,Anjelina,HOSSEINZADEH,F,38,10228@deepmovie.com,10228Anjelina
10229,Jian,SELPH,F,35,10229@deepmovie.com,10229Jian
10230,Yudith,BOLLENDORF,F,31,10230@deepmovie.com,10230Yudith
10231,Million,MULHAIR,F,40,10231@deepmovie.com,10231Million
10232,Reno,GUASCH,F,22,10232@deepmovie.com,10232Reno
10233,Soraya,HOFSTADTER,F,41,10233@deepmovie.com,10233Soraya
10234,Markhi,CAAN,F,43,10234@deepmovie.com,10234Markhi
10235,Brandie,DARYANANI,F,28,10235@deepmovie.com,10235Brandie
10236,Princeten,PEDINI,F,49,10236@deepmovie.com,10236Princeten
10237,Lonnell,PALOVICH,F,54,10237@deepmovie.com,10237Lonnell
10238,Elyssia,PAVLATOS,M,29,10238@deepmovie.com,10238Elyssia
10239,Kmiyah,RACKLEFF,F,42,10239@deepmovie.com,10239Kmiyah
10240,Zahari,FLINTOFF,F,31,10240@deepmovie.com,10240Zahari
10241,Jovana,DINUNNO,F,30,10241@deepmovie.com,10241Jovana
10242,Isabellamarie,AURES,F,42,10242@deepmovie.com,10242Isabellamarie
10243,Percival,GRAZER,F,38,10243@deepmovie.com,10243Percival
10244,Mariah,LAVICTOIRE,F,25,10244@deepmovie.com,10244Mariah
10245,Aryon,FELTMAN,F,23,10245@deepmovie.com,10245Aryon
10246,Jhene,MASTROMONACO,F,37,10246@deepmovie.com,10246Jhene
10247,Devaun,TARUC,F,23,10247@deepmovie.com,10247Devaun
10248,Leonidas,UNTI,F,25,10248@deepmovie.com,10248Leonidas
10249,Bristyl,ASHKER,M,33,10249@deepmovie.com,10249Bristyl
10250,Jessalyn,PALASOTA,F,31,10250@deepmovie.com,10250Jessalyn
10251,Kiaralee,CORNTHWAITE,F,38,10251@deepmovie.com,10251Kiaralee
10252,Brithanny,SIMMINS,F,52,10252@deepmovie.com,10252Brithanny
10253,Lianette,HARDELL,F,25,10253@deepmovie.com,10253Lianette
10254,Kiaralee,JOHES,F,48,10254@deepmovie.com,10254Kiaralee
10255,Blaine,INGISON,F,24,10255@deepmovie.com,10255Blaine
10256,Deklyn,BEILHARZ,F,36,10256@deepmovie.com,10256Deklyn
10257,Agustya,SOTKA,F,44,10257@deepmovie.com,10257Agustya
10258,Diarra,KILCHRIST,F,55,10258@deepmovie.com,10258Diarra
10259,Friedrich,BABI,F,21,10259@deepmovie.com,10259Friedrich
10260,Daviona,LICATO,M,49,10260@deepmovie.com,10260Daviona
10261,Julienna,NIEWOHNER,F,35,10261@deepmovie.com,10261Julienna
10262,Ryley,ARTHERTON,F,37,10262@deepmovie.com,10262Ryley
10263,Indu,KITLER,F,40,10263@deepmovie.com,10263Indu
10264,Rashawn,VEILLEUX,F,51,10264@deepmovie.com,10264Rashawn
10265,Izzah,ZINNIEL,F,56,10265@deepmovie.com,10265Izzah
10266,Alaura,YANDALL,F,39,10266@deepmovie.com,10266Alaura
10267,Lamond,PRATSCHER,F,30,10267@deepmovie.com,10267Lamond
10268,Elizabethrose,KASTRATI,F,29,10268@deepmovie.com,10268Elizabethrose
10269,Gretel,PARINS,F,17,10269@deepmovie.com,10269Gretel
10270,Stephenie,PISARIK,F,22,10270@deepmovie.com,10270Stephenie
10271,Aryk,TILUS,F,44,10271@deepmovie.com,10271Aryk
10272,Ameila,SIECKMANN,F,21,10272@deepmovie.com,10272Ameila
10273,Yichen,BLUHM,F,25,10273@deepmovie.com,10273Yichen
10274,Makaila,DEBORAH,F,30,10274@deepmovie.com,10274Makaila
10275,Sagen,PIESCHEL,F,29,10275@deepmovie.com,10275Sagen
10276,Cylas,TREBIL,F,28,10276@deepmovie.com,10276Cylas
10277,Kielynn,DEFEHR,F,26,10277@deepmovie.com,10277Kielynn
10278,Thaleia,CARRI,F,30,10278@deepmovie.com,10278Thaleia
10279,Levar,GUMATAOTAO,F,47,10279@deepmovie.com,10279Levar
10280,Joevani,MEAK,F,41,10280@deepmovie.com,10280Joevani
10281,Sawyer,LEONOV,F,36,10281@deepmovie.com,10281Sawyer
10282,Elchonon,SCASNY,F,29,10282@deepmovie.com,10282Elchonon
10283,Vivek,NYITRAI,F,36,10283@deepmovie.com,10283Vivek
10284,Mabelle,RAMJI,F,37,10284@deepmovie.com,10284Mabelle
10285,Angelus,SCHLICHENMAYER,F,28,10285@deepmovie.com,10285Angelus
10286,Rayen,FONCANNON,F,25,10286@deepmovie.com,10286Rayen
10287,Eugenie,PREWIT,F,37,10287@deepmovie.com,10287Eugenie
10288,Mikella,STRUNTZ,F,29,10288@deepmovie.com,10288Mikella
10289,Teague,KAWAJA,F,28,10289@deepmovie.com,10289Teague
10290,Antwann,BOSEL,F,35,10290@deepmovie.com,10290Antwann
10291,Kemoni,KALMON,F,34,10291@deepmovie.com,10291Kemoni
10292,Daylin,FORTENBURY,F,26,10292@deepmovie.com,10292Daylin
10293,Haani,DRAKELEY,F,48,10293@deepmovie.com,10293Haani
10294,Yashas,TARGGART,F,37,10294@deepmovie.com,10294Yashas
10295,Cadin,CHRISTOPHER,F,33,10295@deepmovie.com,10295Cadin
10296,Alina,MAGENHEIM,F,41,10296@deepmovie.com,10296Alina
10297,Davaya,MORARU,F,46,10297@deepmovie.com,10297Davaya
10298,Danniela,MUSSIO,F,35,10298@deepmovie.com,10298Danniela
10299,Aldric,DUNEMAN,F,13,10299@deepmovie.com,10299Aldric
10300,Sieanna,FORZIATI,F,25,10300@deepmovie.com,10300Sieanna
10301,Bernie,BRASTAD,F,34,10301@deepmovie.com,10301Bernie
10302,Awesome,DREBIN,F,36,10302@deepmovie.com,10302Awesome
10303,Bayliegh,CASES,F,46,10303@deepmovie.com,10303Bayliegh
10304,Melissa,EISEN,M,39,10304@deepmovie.com,10304Melissa
10305,Sovereign,CHASSE,F,32,10305@deepmovie.com,10305Sovereign
10306,Kennasyn,MAKUTA,F,42,10306@deepmovie.com,10306Kennasyn
10307,Theda,TATMAN,F,30,10307@deepmovie.com,10307Theda
10308,Lylarose,MANFREDA,F,43,10308@deepmovie.com,10308Lylarose
10309,Rebeckah,TIMERMAN,F,22,10309@deepmovie.com,10309Rebeckah
10310,Amyiah,ZILLIG,F,48,10310@deepmovie.com,10310Amyiah
10311,Kishan,HERGESHEIMER,F,33,10311@deepmovie.com,10311Kishan
10312,Suheily,SEIGNIOUS,F,42,10312@deepmovie.com,10312Suheily
10313,Danie,COMPAU,F,33,10313@deepmovie.com,10313Danie
10314,Makbel,CATTOOR,F,23,10314@deepmovie.com,10314Makbel
10315,Kailia,BEAULE,M,33,10315@deepmovie.com,10315Kailia
10316,Cullen,AUDIFFRED,F,35,10316@deepmovie.com,10316Cullen
10317,Rokas,MAGNASCO,F,37,10317@deepmovie.com,10317Rokas
10318,Wesson,MONGELL,F,36,10318@deepmovie.com,10318Wesson
10319,Mena,CARNOVALE,F,38,10319@deepmovie.com,10319Mena
10320,Candyce,HOLEMAN,F,30,10320@deepmovie.com,10320Candyce
10321,Devayah,GOGLIN,F,21,10321@deepmovie.com,10321Devayah
10322,Daygen,MCCOLPIN,F,31,10322@deepmovie.com,10322Daygen
10323,Sindy,KORNGOLD,F,23,10323@deepmovie.com,10323Sindy
10324,Emrie,FORGIT,F,33,10324@deepmovie.com,10324Emrie
10325,Ananda,ROBENS,F,32,10325@deepmovie.com,10325Ananda
10326,Breslynn,LAMPMAN,F,35,10326@deepmovie.com,10326Breslynn
10327,Dallys,LYAS,F,30,10327@deepmovie.com,10327Dallys
10328,Linna,DORIA,F,40,10328@deepmovie.com,10328Linna
10329,Sudais,KRULIKOWSKI,F,40,10329@deepmovie.com,10329Sudais
10330,Francois,SEFEROVIC,F,40,10330@deepmovie.com,10330Francois
10331,Azlyn,TAPPS,F,38,10331@deepmovie.com,10331Azlyn
10332,Joelyn,REIHART,F,41,10332@deepmovie.com,10332Joelyn
10333,Zandyn,JAKOBSON,F,43,10333@deepmovie.com,10333Zandyn
10334,Lance,BOURGUE,F,36,10334@deepmovie.com,10334Lance
10335,Caio,SLACHTER,F,17,10335@deepmovie.com,10335Caio
10336,Caia,FATKIN,F,30,10336@deepmovie.com,10336Caia
10337,Jakolby,MAXON,M,48,10337@deepmovie.com,10337Jakolby
10338,Aneira,LUPPI,F,17,10338@deepmovie.com,10338Aneira
10339,Karis,BONY,F,36,10339@deepmovie.com,10339Karis
10340,Makalya,AKAHOSHI,F,30,10340@deepmovie.com,10340Makalya
10341,Josue,CORTEVILLE,F,47,10341@deepmovie.com,10341Josue
10342,Keilana,TERVORT,F,38,10342@deepmovie.com,10342Keilana
10343,Hassiel,BOSSELMAN,F,33,10343@deepmovie.com,10343Hassiel
10344,Jailani,LIPPS,F,35,10344@deepmovie.com,10344Jailani
10345,Gittel,BARZYK,F,21,10345@deepmovie.com,10345Gittel
10346,Israel,VANEYK,F,51,10346@deepmovie.com,10346Israel
10347,Aleaha,LETTENBERGER,F,41,10347@deepmovie.com,10347Aleaha
10348,Jaze,GUSTAD,F,28,10348@deepmovie.com,10348Jaze
10349,Gurfateh,TIMBO,F,30,10349@deepmovie.com,10349Gurfateh
10350,Vinaya,CUETO,F,40,10350@deepmovie.com,10350Vinaya
10351,Maleficent,KNAPPEN,F,30,10351@deepmovie.com,10351Maleficent
10352,Neal,SANDVOLD,F,28,10352@deepmovie.com,10352Neal
10353,Maecy,TILLET,F,42,10353@deepmovie.com,10353Maecy
10354,Adair,VANORD,F,34,10354@deepmovie.com,10354Adair
10355,Itzell,TEBBUTT,F,39,10355@deepmovie.com,10355Itzell
10356,Tywone,PAARLBERG,F,43,10356@deepmovie.com,10356Tywone
10357,Legna,STERUD,F,29,10357@deepmovie.com,10357Legna
10358,Deangela,CLARRY,F,48,10358@deepmovie.com,10358Deangela
10359,Lavinia,YELM,F,43,10359@deepmovie.com,10359Lavinia
10360,Denaro,CHAPEL,M,27,10360@deepmovie.com,10360Denaro
10361,Kiani,HAUCKE,F,25,10361@deepmovie.com,10361Kiani
10362,Gema,ERDNER,F,36,10362@deepmovie.com,10362Gema
10363,Aarian,TANKSON,F,38,10363@deepmovie.com,10363Aarian
10364,Mavryck,ZEMER,F,29,10364@deepmovie.com,10364Mavryck
10365,Dannon,GANS,F,33,10365@deepmovie.com,10365Dannon
10366,Jerika,BROSEMER,F,34,10366@deepmovie.com,10366Jerika
10367,Sandra,HOTZEL,F,33,10367@deepmovie.com,10367Sandra
10368,Evangeline,MARICIC,F,38,10368@deepmovie.com,10368Evangeline
10369,Braven,BIANCUZZO,F,48,10369@deepmovie.com,10369Braven
10370,Quynn,HEEDER,F,51,10370@deepmovie.com,10370Quynn
10371,Jameela,LADENBURGER,F,29,10371@deepmovie.com,10371Jameela
10372,Jhovanny,GUINNIP,F,35,10372@deepmovie.com,10372Jhovanny
10373,Joaquina,STEEPLETON,F,31,10373@deepmovie.com,10373Joaquina
10374,Radeen,GLENEWINKEL,F,35,10374@deepmovie.com,10374Radeen
10375,Noura,CROSSNOE,F,32,10375@deepmovie.com,10375Noura
10376,Makynleigh,BRIZARD,F,47,10376@deepmovie.com,10376Makynleigh
10377,Deila,CIVITA,F,43,10377@deepmovie.com,10377Deila
10378,Zahro,SPARAPANI,F,31,10378@deepmovie.com,10378Zahro
10379,Ranbir,ABRHAM,F,47,10379@deepmovie.com,10379Ranbir
10380,Jayliana,BALOY,F,30,10380@deepmovie.com,10380Jayliana
10381,Corbin,TRAMPOSCH,F,37,10381@deepmovie.com,10381Corbin
10382,Auden,MIKEL,M,40,10382@deepmovie.com,10382Auden
10383,Clayborn,ZEWDIE,F,33,10383@deepmovie.com,10383Clayborn
10384,Bayli,THIESFELD,F,29,10384@deepmovie.com,10384Bayli
10385,Asana,BONTEMPI,F,38,10385@deepmovie.com,10385Asana
10386,Sapphira,SCHLESNER,F,42,10386@deepmovie.com,10386Sapphira
10387,Yeabsira,TRISTE,F,34,10387@deepmovie.com,10387Yeabsira
10388,Shi,RIGGLEMAN,F,50,10388@deepmovie.com,10388Shi
10389,Jemyah,GABELE,F,41,10389@deepmovie.com,10389Jemyah
10390,Jeanpierre,CALANNI,F,31,10390@deepmovie.com,10390Jeanpierre
10391,Klaudia,MASSARELLA,F,42,10391@deepmovie.com,10391Klaudia
10392,Brittin,LANOS,F,33,10392@deepmovie.com,10392Brittin
10393,Colbee,MATTHEUS,F,39,10393@deepmovie.com,10393Colbee
10394,Meladee,DANYO,F,41,10394@deepmovie.com,10394Meladee
10395,Aundreya,DOZLER,F,40,10395@deepmovie.com,10395Aundreya
10396,Nijah,ROTHEY,F,48,10396@deepmovie.com,10396Nijah
10397,Bradyn,CUNNIUS,F,37,10397@deepmovie.com,10397Bradyn
10398,Eilyn,RAULERSON,F,40,10398@deepmovie.com,10398Eilyn
10399,Emmie,DAW,F,33,10399@deepmovie.com,10399Emmie
10400,Massiel,BESTEMAN,F,23,10400@deepmovie.com,10400Massiel
10401,Addilynn,BOUVETTE,F,31,10401@deepmovie.com,10401Addilynn
10402,Mellanie,DUNI,F,37,10402@deepmovie.com,10402Mellanie
10403,Delwin,EMILIANI,F,15,10403@deepmovie.com,10403Delwin
10404,Damiyah,SALLACH,F,38,10404@deepmovie.com,10404Damiyah
10405,Ejay,MEIXEL,F,39,10405@deepmovie.com,10405Ejay
10406,Ridhaan,GANSS,F,44,10406@deepmovie.com,10406Ridhaan
10407,Emmelina,BRANKIN,F,38,10407@deepmovie.com,10407Emmelina
10408,Demyah,REITAND,F,44,10408@deepmovie.com,10408Demyah
10409,Stacey,STOSIC,F,35,10409@deepmovie.com,10409Stacey
10410,Amoriana,CRESPIN,F,32,10410@deepmovie.com,10410Amoriana
10411,Amzi,BISMARK,F,40,10411@deepmovie.com,10411Amzi
10412,Atziry,FAHRENKROG,F,27,10412@deepmovie.com,10412Atziry
10413,Ryaan,KADOWAKI,M,46,10413@deepmovie.com,10413Ryaan
10414,Kastle,KARVELAS,M,26,10414@deepmovie.com,10414Kastle
10415,Juliette,MBA,F,47,10415@deepmovie.com,10415Juliette
10416,Jana,KINSETH,M,30,10416@deepmovie.com,10416Jana
10417,Josefine,RATNAM,M,31,10417@deepmovie.com,10417Josefine
10418,Meleana,CARDENAL,M,26,10418@deepmovie.com,10418Meleana
10419,Yariah,SPESS,M,33,10419@deepmovie.com,10419Yariah
10420,Emileigh,SCRAFFORD,M,36,10420@deepmovie.com,10420Emileigh
10421,Selina,LETTRICH,M,23,10421@deepmovie.com,10421Selina
10422,Jeffry,PETRONZIO,M,21,10422@deepmovie.com,10422Jeffry
10423,Maebh,BONOFIGLIO,M,35,10423@deepmovie.com,10423Maebh
10424,Domenic,EDMARK,M,23,10424@deepmovie.com,10424Domenic
10425,Onyinyechi,PACKEY,M,40,10425@deepmovie.com,10425Onyinyechi
10426,Kosisochukwu,CLAUSIUS,F,44,10426@deepmovie.com,10426Kosisochukwu
10427,Gwynneth,WAIDEN,M,30,10427@deepmovie.com,10427Gwynneth
10428,Cipriana,DEMARCOS,M,61,10428@deepmovie.com,10428Cipriana
10429,Jahmar,POLLOW,M,34,10429@deepmovie.com,10429Jahmar
10430,Delainee,POLO,M,26,10430@deepmovie.com,10430Delainee
10431,Jimal,GOLTERMANN,M,50,10431@deepmovie.com,10431Jimal
10432,Shivraj,BESKID,M,38,10432@deepmovie.com,10432Shivraj
10433,Shriyansh,DAVIDA,M,30,10433@deepmovie.com,10433Shriyansh
10434,Nandita,KROC,M,34,10434@deepmovie.com,10434Nandita
10435,Murphy,KLITZMAN,M,46,10435@deepmovie.com,10435Murphy
10436,Westlyn,MAXIE,M,48,10436@deepmovie.com,10436Westlyn
10437,Zakariyah,NELL,M,34,10437@deepmovie.com,10437Zakariyah
10438,Nathalya,BERKINS,M,26,10438@deepmovie.com,10438Nathalya
10439,Makye,CHACKO,M,30,10439@deepmovie.com,10439Makye
10440,Melchor,HAECKEL,M,40,10440@deepmovie.com,10440Melchor
10441,Gavan,PULL,M,35,10441@deepmovie.com,10441Gavan
10442,Raynee,SHUFORD,M,37,10442@deepmovie.com,10442Raynee
10443,Nialah,CROTSER,M,38,10443@deepmovie.com,10443Nialah
10444,Kaisyn,BUSHOUSE,M,46,10444@deepmovie.com,10444Kaisyn
10445,Raileigh,KERCADO,M,53,10445@deepmovie.com,10445Raileigh
10446,Aireana,DYKHOFF,M,68,10446@deepmovie.com,10446Aireana
10447,Joryel,WEISKIRCHER,M,51,10447@deepmovie.com,10447Joryel
10448,Kaidan,DENIGER,M,49,10448@deepmovie.com,10448Kaidan
10449,Diva,FISHEL,M,47,10449@deepmovie.com,10449Diva
10450,Kenna,GILFERT,M,62,10450@deepmovie.com,10450Kenna
10451,Moss,COSKER,M,56,10451@deepmovie.com,10451Moss
10452,Honesty,SALINGS,M,59,10452@deepmovie.com,10452Honesty
10453,Kyleeann,HAKOPIAN,M,53,10453@deepmovie.com,10453Kyleeann
10454,Jerell,GINDA,M,63,10454@deepmovie.com,10454Jerell
10455,Kasch,WOODROW,M,49,10455@deepmovie.com,10455Kasch
10456,Andrey,MARCHEGIANI,M,58,10456@deepmovie.com,10456Andrey
10457,Aveline,VERDEGAN,M,56,10457@deepmovie.com,10457Aveline
10458,Solina,FAGLIER,M,53,10458@deepmovie.com,10458Solina
10459,Wellington,LATTERY,M,46,10459@deepmovie.com,10459Wellington
10460,Alazne,KAROLEWICZ,F,37,10460@deepmovie.com,10460Alazne
10461,Jaevien,AYENDE,M,38,10461@deepmovie.com,10461Jaevien
10462,Danger,MIKSIS,M,81,10462@deepmovie.com,10462Danger
10463,Dariona,ELSNER,M,52,10463@deepmovie.com,10463Dariona
10464,Ronan,MEMERING,M,46,10464@deepmovie.com,10464Ronan
10465,Vanisha,GARGANTA,M,51,10465@deepmovie.com,10465Vanisha
10466,Leeya,IMO,M,56,10466@deepmovie.com,10466Leeya
10467,Sumayah,SCAMEHORN,M,54,10467@deepmovie.com,10467Sumayah
10468,Zayana,HEDINGTON,M,61,10468@deepmovie.com,10468Zayana
10469,Krystalynn,SCHUPPEL,M,58,10469@deepmovie.com,10469Krystalynn
10470,Marylouise,BRETSCHER,M,58,10470@deepmovie.com,10470Marylouise
10471,Deeksha,KUZMA,F,46,10471@deepmovie.com,10471Deeksha
10472,Anaika,BARTOLONI,M,65,10472@deepmovie.com,10472Anaika
10473,Zee,CHIARINI,M,47,10473@deepmovie.com,10473Zee
10474,Eloy,BRAME,M,56,10474@deepmovie.com,10474Eloy
10475,Deaire,ANZOLA,M,64,10475@deepmovie.com,10475Deaire
10476,Orlin,HEIDEMA,M,43,10476@deepmovie.com,10476Orlin
10477,Kinsley,RYTEL,M,56,10477@deepmovie.com,10477Kinsley
10478,Nastassia,WOOTSON,M,66,10478@deepmovie.com,10478Nastassia
10479,Kyonna,SCHLECK,M,48,10479@deepmovie.com,10479Kyonna
10480,Andreanna,AYLA,M,41,10480@deepmovie.com,10480Andreanna
10481,Savoy,UNTERMEYER,M,46,10481@deepmovie.com,10481Savoy
10482,Dayjah,CIATTO,M,57,10482@deepmovie.com,10482Dayjah
10483,Graceson,DUSIK,M,36,10483@deepmovie.com,10483Graceson
10484,Kinzleigh,EDELMAYER,M,62,10484@deepmovie.com,10484Kinzleigh
10485,Delicia,DAMJANOVIC,M,57,10485@deepmovie.com,10485Delicia
10486,Vic,NEREM,M,39,10486@deepmovie.com,10486Vic
10487,Kiril,PLEITES,M,51,10487@deepmovie.com,10487Kiril
10488,Daric,DEPASQUA,M,56,10488@deepmovie.com,10488Daric
10489,Eyram,STRUBHART,M,47,10489@deepmovie.com,10489Eyram
10490,Samus,VANDERBOOM,M,56,10490@deepmovie.com,10490Samus
10491,Kaybrie,MAIR,M,57,10491@deepmovie.com,10491Kaybrie
10492,Kalum,BANVELOS,M,48,10492@deepmovie.com,10492Kalum
10493,Corinna,BICKET,M,52,10493@deepmovie.com,10493Corinna
10494,Jarius,ARKEMA,M,44,10494@deepmovie.com,10494Jarius
10495,Anton,RACKLER,M,61,10495@deepmovie.com,10495Anton
10496,Torre,GAZELLA,M,58,10496@deepmovie.com,10496Torre
10497,Johaun,CICCARIELLO,M,63,10497@deepmovie.com,10497Johaun
10498,Zebedee,ZUPNIK,M,46,10498@deepmovie.com,10498Zebedee
10499,Kailum,DANGIO,M,52,10499@deepmovie.com,10499Kailum
10500,Hina,AVIRETT,M,45,10500@deepmovie.com,10500Hina
10501,Kynan,CARITO,M,46,10501@deepmovie.com,10501Kynan
10502,Sanjana,PELCZARSKI,M,55,10502@deepmovie.com,10502Sanjana
10503,Jonathen,BELBECK,M,47,10503@deepmovie.com,10503Jonathen
10504,Anthony,KENNEMUR,M,58,10504@deepmovie.com,10504Anthony
10505,Lynkon,LECHE,M,52,10505@deepmovie.com,10505Lynkon
10506,Kamyrah,PENELTON,M,59,10506@deepmovie.com,10506Kamyrah
10507,Karon,WARRENER,M,58,10507@deepmovie.com,10507Karon
10508,Shaylah,BATHEN,M,47,10508@deepmovie.com,10508Shaylah
10509,Nahomi,LOUTHEN,M,54,10509@deepmovie.com,10509Nahomi
10510,Soniyah,CORTEVILLE,M,50,10510@deepmovie.com,10510Soniyah
10511,Serenitie,MEEUSEN,M,56,10511@deepmovie.com,10511Serenitie
10512,Manuela,VERTHEIN,M,65,10512@deepmovie.com,10512Manuela
10513,Tamarcus,BASLEE,M,63,10513@deepmovie.com,10513Tamarcus
10514,Sherlyn,SAROSI,M,49,10514@deepmovie.com,10514Sherlyn
10515,Amadeus,VANIMAN,F,65,10515@deepmovie.com,10515Amadeus
10516,Breylen,LEITL,M,57,10516@deepmovie.com,10516Breylen
10517,Dessence,ROMJUE,M,68,10517@deepmovie.com,10517Dessence
10518,Clairissa,SCHNEBELEN,M,47,10518@deepmovie.com,10518Clairissa
10519,Khya,BRUMFIEL,M,56,10519@deepmovie.com,10519Khya
10520,Hermes,JAHNCKE,M,52,10520@deepmovie.com,10520Hermes
10521,Taijah,KEI,M,35,10521@deepmovie.com,10521Taijah
10522,Dannica,BUGLIO,M,51,10522@deepmovie.com,10522Dannica
10523,Johnwilliam,HAZIME,M,69,10523@deepmovie.com,10523Johnwilliam
10524,Aylyn,ANGTON,M,63,10524@deepmovie.com,10524Aylyn
10525,Erik,MOTHERSELL,M,47,10525@deepmovie.com,10525Erik
10526,Bellamarie,VANDREEL,M,57,10526@deepmovie.com,10526Bellamarie
10527,Nyzere,BROZE,M,56,10527@deepmovie.com,10527Nyzere
10528,Markiyah,FRANCELLA,M,54,10528@deepmovie.com,10528Markiyah
10529,Annesley,TOBIASSON,M,45,10529@deepmovie.com,10529Annesley
10530,Fredi,SNODGRESS,M,58,10530@deepmovie.com,10530Fredi
10531,Gannon,LACZ,M,61,10531@deepmovie.com,10531Gannon
10532,Afifa,WARME,M,57,10532@deepmovie.com,10532Afifa
10533,Zoiey,LUCABAUGH,M,46,10533@deepmovie.com,10533Zoiey
10534,Sylas,JIRKOVSKY,M,49,10534@deepmovie.com,10534Sylas
10535,Trevin,PANETH,M,59,10535@deepmovie.com,10535Trevin
10536,Bhavika,ZAFFINA,M,49,10536@deepmovie.com,10536Bhavika
10537,Panayiota,IMPOLA,F,60,10537@deepmovie.com,10537Panayiota
10538,Deric,MIETTINEN,M,73,10538@deepmovie.com,10538Deric
10539,Traycen,ALDAY,M,54,10539@deepmovie.com,10539Traycen
10540,Louie,REEKERS,M,56,10540@deepmovie.com,10540Louie
10541,Sarayu,HINNANT,M,67,10541@deepmovie.com,10541Sarayu
10542,Mawada,STAMATOPOULOS,M,61,10542@deepmovie.com,10542Mawada
10543,Afton,LINTAG,M,60,10543@deepmovie.com,10543Afton
10544,Arizbeth,OLIBRICE,M,63,10544@deepmovie.com,10544Arizbeth
10545,Royale,PULFREY,M,53,10545@deepmovie.com,10545Royale
10546,Vandana,VANDENBROEKE,M,41,10546@deepmovie.com,10546Vandana
10547,Marcell,CRON,M,58,10547@deepmovie.com,10547Marcell
10548,Nairah,LEEDY,M,58,10548@deepmovie.com,10548Nairah
10549,Serigne,MASCELLINO,M,35,10549@deepmovie.com,10549Serigne
10550,Addley,KENSKI,M,53,10550@deepmovie.com,10550Addley
10551,Zalia,LUNDBY,M,58,10551@deepmovie.com,10551Zalia
10552,Dayton,GRAAF,M,58,10552@deepmovie.com,10552Dayton
10553,Kinda,SCHESSER,M,52,10553@deepmovie.com,10553Kinda
10554,Vrinda,CLODFELTER,M,52,10554@deepmovie.com,10554Vrinda
10555,Meshach,ESFANDIARI,F,61,10555@deepmovie.com,10555Meshach
10556,Emon,MERICK,F,57,10556@deepmovie.com,10556Emon
10557,Ayala,RAFALOWSKI,F,48,10557@deepmovie.com,10557Ayala
10558,Anjana,GECEWICZ,F,60,10558@deepmovie.com,10558Anjana
10559,Vyaan,CZARNICK,F,48,10559@deepmovie.com,10559Vyaan
10560,Daiquan,KROUTH,F,49,10560@deepmovie.com,10560Daiquan
10561,Sadeem,HARTZOG,F,43,10561@deepmovie.com,10561Sadeem
10562,Nakira,KOPFF,F,48,10562@deepmovie.com,10562Nakira
10563,Witt,BREGEL,F,62,10563@deepmovie.com,10563Witt
10564,Arelis,GROENENDYK,F,63,10564@deepmovie.com,10564Arelis
10565,Makinly,FACHINI,F,49,10565@deepmovie.com,10565Makinly
10566,Srithan,KENDREW,F,52,10566@deepmovie.com,10566Srithan
10567,Soniya,GULLET,F,53,10567@deepmovie.com,10567Soniya
10568,Cordell,DENEKAS,F,56,10568@deepmovie.com,10568Cordell
10569,Traeton,THIBIDEAU,F,59,10569@deepmovie.com,10569Traeton
10570,Khyan,KEMERLY,F,56,10570@deepmovie.com,10570Khyan
10571,Zaccheus,GERKE,F,59,10571@deepmovie.com,10571Zaccheus
10572,Kyri,GANZHORN,F,51,10572@deepmovie.com,10572Kyri
10573,Adrionna,LOLOHEA,F,58,10573@deepmovie.com,10573Adrionna
10574,Rahul,ARVESEN,F,61,10574@deepmovie.com,10574Rahul
10575,Taras,GELBAND,F,49,10575@deepmovie.com,10575Taras
10576,Ackley,BEICHER,F,63,10576@deepmovie.com,10576Ackley
10577,Nasra,BUSEK,F,55,10577@deepmovie.com,10577Nasra
10578,Brazos,AMANDA,F,52,10578@deepmovie.com,10578Brazos
10579,Lylliana,LEZAMA,F,57,10579@deepmovie.com,10579Lylliana
10580,Kaytlynn,CARETHERS,F,63,10580@deepmovie.com,10580Kaytlynn
10581,Jamaiya,SAWCZUK,F,44,10581@deepmovie.com,10581Jamaiya
10582,Alessia,ZALIS,F,60,10582@deepmovie.com,10582Alessia
10583,Emmelynn,BAUMGARTE,F,49,10583@deepmovie.com,10583Emmelynn
10584,Asriel,DANTIGNAC,F,55,10584@deepmovie.com,10584Asriel
10585,Barker,HERIAN,F,58,10585@deepmovie.com,10585Barker
10586,Brooklen,MCMORRIS,F,47,10586@deepmovie.com,10586Brooklen
10587,Zorie,BORGLUM,F,56,10587@deepmovie.com,10587Zorie
10588,Vedha,HEGENAUER,F,56,10588@deepmovie.com,10588Vedha
10589,Moxley,MYSAK,F,56,10589@deepmovie.com,10589Moxley
10590,Jaxsun,AIDA,F,61,10590@deepmovie.com,10590Jaxsun
10591,Spenser,OFTEDAL,F,56,10591@deepmovie.com,10591Spenser
10592,Skarlette,DERROUGH,F,65,10592@deepmovie.com,10592Skarlette
10593,Radames,JATHO,F,51,10593@deepmovie.com,10593Radames
10594,Palyn,MCGUCKEN,F,59,10594@deepmovie.com,10594Palyn
10595,Lila,ZANATTA,F,56,10595@deepmovie.com,10595Lila
10596,Missie,MEGINNIS,F,47,10596@deepmovie.com,10596Missie
10597,Khasir,HUTTING,F,45,10597@deepmovie.com,10597Khasir
10598,Shay,SLEICHTER,F,44,10598@deepmovie.com,10598Shay
10599,Oaklin,TVRDY,F,57,10599@deepmovie.com,10599Oaklin
10600,Yordany,NATOLA,F,46,10600@deepmovie.com,10600Yordany
10601,Rhyatt,GEERTSEMA,F,53,10601@deepmovie.com,10601Rhyatt
10602,Savir,LAHEY,F,56,10602@deepmovie.com,10602Savir
10603,Fowler,HYDEN,F,45,10603@deepmovie.com,10603Fowler
10604,Paitlyn,NEUENDORFF,F,59,10604@deepmovie.com,10604Paitlyn
10605,Dezmon,BONGIORNI,F,63,10605@deepmovie.com,10605Dezmon
10606,Loreen,NOWICK,F,63,10606@deepmovie.com,10606Loreen
10607,Schuyler,PETHAN,F,53,10607@deepmovie.com,10607Schuyler
10608,Massimo,MARTINAC,F,53,10608@deepmovie.com,10608Massimo
10609,Jonnie,HOWELLS,F,56,10609@deepmovie.com,10609Jonnie
10610,Symeon,BIALON,F,59,10610@deepmovie.com,10610Symeon
10611,Dhani,DAVITO,F,60,10611@deepmovie.com,10611Dhani
10612,Zayden,SINDI,F,39,10612@deepmovie.com,10612Zayden
10613,Jaeleen,NAPIWOCKI,F,48,10613@deepmovie.com,10613Jaeleen
10614,Jamisyn,ROJAHN,F,72,10614@deepmovie.com,10614Jamisyn
10615,Kayden,VANNOCKER,M,48,10615@deepmovie.com,10615Kayden
10616,Sadiyah,BEMBURY,F,53,10616@deepmovie.com,10616Sadiyah
10617,Aubree,SWAW,F,43,10617@deepmovie.com,10617Aubree
10618,Angelgabriel,ZELEN,F,59,10618@deepmovie.com,10618Angelgabriel
10619,Kanon,BERENSTEIN,F,71,10619@deepmovie.com,10619Kanon
10620,Wilman,PETROELJE,F,59,10620@deepmovie.com,10620Wilman
10621,Aiyden,STENECK,F,67,10621@deepmovie.com,10621Aiyden
10622,Makayleigh,COLQUITT,F,61,10622@deepmovie.com,10622Makayleigh
10623,Josette,WARTNER,F,52,10623@deepmovie.com,10623Josette
10624,Dray,WOLDMAN,F,52,10624@deepmovie.com,10624Dray
10625,Adelis,LEIDIGH,F,46,10625@deepmovie.com,10625Adelis
10626,Valeska,KARNIS,M,49,10626@deepmovie.com,10626Valeska
10627,Erendira,NICHOLAS,F,64,10627@deepmovie.com,10627Erendira
10628,Emileigh,PHILLPOTT,F,57,10628@deepmovie.com,10628Emileigh
10629,Kye,HONICAN,F,58,10629@deepmovie.com,10629Kye
10630,Zahar,SEGNA,F,45,10630@deepmovie.com,10630Zahar
10631,Maxwell,CAMEROS,F,53,10631@deepmovie.com,10631Maxwell
10632,Cambri,PARAY,F,61,10632@deepmovie.com,10632Cambri
10633,Esperanza,STITHAM,F,36,10633@deepmovie.com,10633Esperanza
10634,Shivani,HAUEISEN,F,60,10634@deepmovie.com,10634Shivani
10635,Rainer,HAGHIGHAT,F,62,10635@deepmovie.com,10635Rainer
10636,Piers,BACCARELLA,F,56,10636@deepmovie.com,10636Piers
10637,Mikala,KARTAK,M,71,10637@deepmovie.com,10637Mikala
10638,Laki,BATTO,F,59,10638@deepmovie.com,10638Laki
10639,Bethania,KAZIN,F,68,10639@deepmovie.com,10639Bethania
10640,Kayleana,SUTANTO,F,59,10640@deepmovie.com,10640Kayleana
10641,Deniz,BUSHMAKER,F,49,10641@deepmovie.com,10641Deniz
10642,Cedrick,MOLERA,F,49,10642@deepmovie.com,10642Cedrick
10643,Eda,PLAKAS,F,60,10643@deepmovie.com,10643Eda
10644,Sua,COLLY,F,56,10644@deepmovie.com,10644Sua
10645,Akif,KOZEE,F,63,10645@deepmovie.com,10645Akif
10646,Brooklyn,LAGRANGE,F,55,10646@deepmovie.com,10646Brooklyn
10647,Demontre,GANER,F,53,10647@deepmovie.com,10647Demontre
10648,Torin,SERRY,M,59,10648@deepmovie.com,10648Torin
10649,Toba,OELSCHLAEGER,F,67,10649@deepmovie.com,10649Toba
10650,Emalina,BEIERSDORF,F,54,10650@deepmovie.com,10650Emalina
10651,Aaliyah,MOLINARI,F,64,10651@deepmovie.com,10651Aaliyah
10652,Treyson,CROSSWAY,F,58,10652@deepmovie.com,10652Treyson
10653,Leiby,OLIMPIO,F,49,10653@deepmovie.com,10653Leiby
10654,Alezander,GRENARD,F,61,10654@deepmovie.com,10654Alezander
10655,Zaylei,HAGE,F,74,10655@deepmovie.com,10655Zaylei
10656,Keagen,TEFERI,F,51,10656@deepmovie.com,10656Keagen
10657,Jaedynn,PUMPELLY,F,55,10657@deepmovie.com,10657Jaedynn
10658,Emah,TRUELOVE,F,47,10658@deepmovie.com,10658Emah
10659,Izzac,LLANOS,F,65,10659@deepmovie.com,10659Izzac
10660,Neon,EBALO,F,57,10660@deepmovie.com,10660Neon
10661,Chiziterem,BARTRA,F,78,10661@deepmovie.com,10661Chiziterem
10662,Brook,SHEKLETON,F,58,10662@deepmovie.com,10662Brook
10663,Jaylin,CHITMAN,F,52,10663@deepmovie.com,10663Jaylin
10664,Andy,SCHNEEWEISS,F,60,10664@deepmovie.com,10664Andy
10665,Cain,KNIAZ,F,52,10665@deepmovie.com,10665Cain
10666,Aubreyrose,HENDERLITE,F,56,10666@deepmovie.com,10666Aubreyrose
10667,Geonna,KELVER,F,57,10667@deepmovie.com,10667Geonna
10668,Adith,GREVE,F,37,10668@deepmovie.com,10668Adith
10669,Yeila,SMAGA,F,48,10669@deepmovie.com,10669Yeila
10670,Taiyari,CASSERINO,F,66,10670@deepmovie.com,10670Taiyari
10671,Cortney,VANGELDEREN,F,48,10671@deepmovie.com,10671Cortney
10672,Vinson,HENSGEN,F,52,10672@deepmovie.com,10672Vinson
10673,Joyous,KIROS,F,65,10673@deepmovie.com,10673Joyous
10674,Jaxel,WAIKEL,F,59,10674@deepmovie.com,10674Jaxel
10675,Adaijah,ESFANDIARI,F,47,10675@deepmovie.com,10675Adaijah
10676,Sue,ZUVERINK,F,55,10676@deepmovie.com,10676Sue
10677,Dilpreet,MAZANY,F,51,10677@deepmovie.com,10677Dilpreet
10678,Hadyn,WARCUP,F,61,10678@deepmovie.com,10678Hadyn
10679,Eislee,VILLEMURE,F,61,10679@deepmovie.com,10679Eislee
10680,Yousof,GENKIN,F,65,10680@deepmovie.com,10680Yousof
10681,Kiannah,CONRO,F,59,10681@deepmovie.com,10681Kiannah
10682,Enson,DIPPERY,F,54,10682@deepmovie.com,10682Enson
10683,Sherrod,RODERICKS,F,57,10683@deepmovie.com,10683Sherrod
10684,Jaseon,FITKIN,F,54,10684@deepmovie.com,10684Jaseon
10685,Racyn,TOOTELL,F,51,10685@deepmovie.com,10685Racyn
10686,Katia,FINNEFROCK,F,56,10686@deepmovie.com,10686Katia
10687,Kerrigan,PECAUT,F,49,10687@deepmovie.com,10687Kerrigan
10688,Mikiah,FILLIO,F,66,10688@deepmovie.com,10688Mikiah
10689,Pax,KIRAL,F,49,10689@deepmovie.com,10689Pax
10690,Leif,WESTJOHN,F,41,10690@deepmovie.com,10690Leif
10691,Caila,ZITKA,F,57,10691@deepmovie.com,10691Caila
10692,Rosario,HAMEEN,F,48,10692@deepmovie.com,10692Rosario
10693,Lynia,TETTING,M,45,10693@deepmovie.com,10693Lynia
10694,Byron,BIELLING,F,48,10694@deepmovie.com,10694Byron
10695,Zawadi,GESTRICH,F,49,10695@deepmovie.com,10695Zawadi
10696,Ziyanna,MCMANES,F,39,10696@deepmovie.com,10696Ziyanna
10697,Matrim,CAYLOR,F,38,10697@deepmovie.com,10697Matrim
10698,Rainee,FORLIZZI,F,57,10698@deepmovie.com,10698Rainee
10699,Oaks,ANGSTROM,F,48,10699@deepmovie.com,10699Oaks
10700,Coreyon,MYKINS,F,59,10700@deepmovie.com,10700Coreyon
10701,Kengo,PARONE,F,57,10701@deepmovie.com,10701Kengo
10702,Sibel,PANDISCIO,F,57,10702@deepmovie.com,10702Sibel
10703,Jaelin,HELLY,F,57,10703@deepmovie.com,10703Jaelin
10704,Hebe,MASLER,M,43,10704@deepmovie.com,10704Hebe
10705,Marlin,BLANZ,F,68,10705@deepmovie.com,10705Marlin
10706,Whitney,DUNKEN,F,47,10706@deepmovie.com,10706Whitney
10707,Marylouise,BEISHEIM,F,43,10707@deepmovie.com,10707Marylouise
10708,Kapono,BRUSSOW,F,55,10708@deepmovie.com,10708Kapono
10709,Tamryn,LINDVIG,F,47,10709@deepmovie.com,10709Tamryn
10710,Whyatt,SHUBAT,F,52,10710@deepmovie.com,10710Whyatt
10711,Liona,GIANELLONI,F,53,10711@deepmovie.com,10711Liona
10712,Celestia,ROULET,F,66,10712@deepmovie.com,10712Celestia
10713,Josiah,HARBEY,F,67,10713@deepmovie.com,10713Josiah
10714,Yul,HUMLICEK,F,23,10714@deepmovie.com,10714Yul
10715,Lohgan,DONLON,M,51,10715@deepmovie.com,10715Lohgan
10716,Corinthian,TIDERMAN,F,45,10716@deepmovie.com,10716Corinthian
10717,Arian,HERMELING,F,53,10717@deepmovie.com,10717Arian
10718,Ariellah,GIMM,F,51,10718@deepmovie.com,10718Ariellah
10719,Alyxandra,RUIZESPARZA,F,56,10719@deepmovie.com,10719Alyxandra
10720,Treva,KLOPOTEK,F,59,10720@deepmovie.com,10720Treva
10721,Zylee,GURTOWSKI,F,56,10721@deepmovie.com,10721Zylee
10722,Auburn,ANGLUM,F,42,10722@deepmovie.com,10722Auburn
10723,Adalai,STANKIEWICZ,F,66,10723@deepmovie.com,10723Adalai
10724,Muzammil,ASMA,F,58,10724@deepmovie.com,10724Muzammil
10725,Roen,GETZLAFF,F,42,10725@deepmovie.com,10725Roen
10726,Battal,JALEEL,F,47,10726@deepmovie.com,10726Battal
10727,Dreama,CALVACCA,F,54,10727@deepmovie.com,10727Dreama
10728,Areena,DADDEZIO,F,57,10728@deepmovie.com,10728Areena
10729,Lalani,RIEPL,F,44,10729@deepmovie.com,10729Lalani
10730,Cristal,CANNARIATO,F,39,10730@deepmovie.com,10730Cristal
10731,Leilanni,MULSON,F,62,10731@deepmovie.com,10731Leilanni
10732,Sama,LIPE,F,66,10732@deepmovie.com,10732Sama
10733,Cabela,SELBEE,F,61,10733@deepmovie.com,10733Cabela
10734,Zadrian,ARCINIEGA,F,52,10734@deepmovie.com,10734Zadrian
10735,Rayva,CILIO,F,52,10735@deepmovie.com,10735Rayva
10736,Ali,PHONGSA,F,43,10736@deepmovie.com,10736Ali
10737,Amyna,SHANDLER,F,59,10737@deepmovie.com,10737Amyna
10738,Amin,SCHOENHARD,F,60,10738@deepmovie.com,10738Amin
10739,Ellani,DELIUS,F,55,10739@deepmovie.com,10739Ellani
10740,Lybertie,NERE,F,64,10740@deepmovie.com,10740Lybertie
10741,Trek,HODSDEN,F,57,10741@deepmovie.com,10741Trek
10742,Kourtney,MESHESHA,F,61,10742@deepmovie.com,10742Kourtney
10743,Kasir,SMEDES,F,54,10743@deepmovie.com,10743Kasir
10744,Rykker,COSKER,F,61,10744@deepmovie.com,10744Rykker
10745,Demarius,RANDOLL,F,57,10745@deepmovie.com,10745Demarius
10746,Deila,EICKMANN,F,55,10746@deepmovie.com,10746Deila
10747,Zyree,MENSH,F,52,10747@deepmovie.com,10747Zyree
10748,Cayson,QUAL,F,69,10748@deepmovie.com,10748Cayson
10749,Latron,BENVENUTTI,F,54,10749@deepmovie.com,10749Latron
10750,Nethra,MIZEN,F,52,10750@deepmovie.com,10750Nethra
10751,Jaydence,VARDON,F,59,10751@deepmovie.com,10751Jaydence
10752,Xaniya,CIORCIARI,F,36,10752@deepmovie.com,10752Xaniya
10753,Mekai,CHESSMORE,F,57,10753@deepmovie.com,10753Mekai
10754,Eshan,SHAGER,F,58,10754@deepmovie.com,10754Eshan
10755,Aaliyah,HINZO,F,54,10755@deepmovie.com,10755Aaliyah
10756,Murat,BELENO,F,52,10756@deepmovie.com,10756Murat
10757,Shabazz,RINGO,F,53,10757@deepmovie.com,10757Shabazz
10758,Aaliyha,DEPARI,F,63,10758@deepmovie.com,10758Aaliyha
10759,Jaishon,RAMCZYK,F,55,10759@deepmovie.com,10759Jaishon
10760,Kristy,VASILIADES,F,63,10760@deepmovie.com,10760Kristy
10761,Della,MEDRICK,F,69,10761@deepmovie.com,10761Della
10762,Aws,ZWALLY,F,53,10762@deepmovie.com,10762Aws
10763,Xaire,GALEONE,F,55,10763@deepmovie.com,10763Xaire
10764,Marcia,HOPER,F,61,10764@deepmovie.com,10764Marcia
10765,Jeremian,REHKAMP,F,67,10765@deepmovie.com,10765Jeremian
10766,Eviana,MAZELLA,F,46,10766@deepmovie.com,10766Eviana
10767,Brinn,KOMLOS,F,59,10767@deepmovie.com,10767Brinn
10768,Parthiv,MADINE,F,55,10768@deepmovie.com,10768Parthiv
10769,Chaylynn,LUKSCH,F,55,10769@deepmovie.com,10769Chaylynn
10770,Ku,DELOZIER,F,55,10770@deepmovie.com,10770Ku
10771,Varick,BLINDT,F,64,10771@deepmovie.com,10771Varick
10772,Josefa,HAUKOM,F,58,10772@deepmovie.com,10772Josefa
10773,Trenten,NIMRI,F,46,10773@deepmovie.com,10773Trenten
10774,Rosaria,HENG,F,60,10774@deepmovie.com,10774Rosaria
10775,Faheem,MALOLEY,F,54,10775@deepmovie.com,10775Faheem
10776,Alisana,TERWILLEGAR,M,53,10776@deepmovie.com,10776Alisana
10777,Minh,MERVAR,M,56,10777@deepmovie.com,10777Minh
10778,Kately,MUMY,M,67,10778@deepmovie.com,10778Kately
10779,Neeti,MLNARIK,M,57,10779@deepmovie.com,10779Neeti
10780,Vienna,SCIOTTI,M,63,10780@deepmovie.com,10780Vienna
10781,Melony,LEWEN,F,46,10781@deepmovie.com,10781Melony
10782,Kejuan,GUDIS,M,55,10782@deepmovie.com,10782Kejuan
10783,Zaquan,VLASENKO,M,65,10783@deepmovie.com,10783Zaquan
10784,Yannick,COLKER,M,45,10784@deepmovie.com,10784Yannick
10785,Jden,SWIDEREK,M,54,10785@deepmovie.com,10785Jden
10786,Emrys,OLSZYK,M,57,10786@deepmovie.com,10786Emrys
10787,Channelle,GIANO,M,56,10787@deepmovie.com,10787Channelle
10788,Chipper,VELTROP,M,43,10788@deepmovie.com,10788Chipper
10789,Riha,GARGONE,M,56,10789@deepmovie.com,10789Riha
10790,Jarelle,DESAULNIER,M,61,10790@deepmovie.com,10790Jarelle
10791,Kweli,MINSKE,M,66,10791@deepmovie.com,10791Kweli
10792,Alekai,LIMANDRI,M,51,10792@deepmovie.com,10792Alekai
10793,Kartikeya,HUNGLER,M,69,10793@deepmovie.com,10793Kartikeya
10794,Desmon,DAVEN,M,64,10794@deepmovie.com,10794Desmon
10795,Brena,CONSTANS,M,55,10795@deepmovie.com,10795Brena
10796,Korie,FRADENBURG,M,57,10796@deepmovie.com,10796Korie
10797,Zephaniah,CONSANI,M,53,10797@deepmovie.com,10797Zephaniah
10798,Aravind,ARDO,M,43,10798@deepmovie.com,10798Aravind
10799,Adiba,TOMPOS,M,56,10799@deepmovie.com,10799Adiba
10800,Mang,SUCHOR,M,57,10800@deepmovie.com,10800Mang
10801,Qiana,REZAK,M,48,10801@deepmovie.com,10801Qiana
10802,Azhaan,MOEHRKE,M,58,10802@deepmovie.com,10802Azhaan
10803,Artemio,PELLIGRINO,M,51,10803@deepmovie.com,10803Artemio
10804,Viyana,FLEISCHAKER,F,65,10804@deepmovie.com,10804Viyana
10805,Damauri,NORDONE,M,52,10805@deepmovie.com,10805Damauri
10806,Cuyler,SCHWAGERL,M,57,10806@deepmovie.com,10806Cuyler
10807,Mak,ANTIMO,M,71,10807@deepmovie.com,10807Mak
10808,Maryn,GRENARD,M,59,10808@deepmovie.com,10808Maryn
10809,Alle,BURLEYSON,M,63,10809@deepmovie.com,10809Alle
10810,Princeamir,BEMOWSKI,M,64,10810@deepmovie.com,10810Princeamir
10811,Cailen,HOSETH,M,55,10811@deepmovie.com,10811Cailen
10812,Avis,MISCO,M,47,10812@deepmovie.com,10812Avis
10813,Rhyson,NADY,M,56,10813@deepmovie.com,10813Rhyson
10814,Zeppelin,MORANTES,M,65,10814@deepmovie.com,10814Zeppelin
10815,Brynlynn,KEIRNAN,M,52,10815@deepmovie.com,10815Brynlynn
10816,Breon,BEACH,M,52,10816@deepmovie.com,10816Breon
10817,Laiana,HORRISON,M,67,10817@deepmovie.com,10817Laiana
10818,Adalynne,MCCONLOGUE,M,55,10818@deepmovie.com,10818Adalynne
10819,Makaiya,FARCIERT,M,57,10819@deepmovie.com,10819Makaiya
10820,Edrick,JAGGERNAUTH,M,45,10820@deepmovie.com,10820Edrick
10821,Jhoan,KAWULA,M,59,10821@deepmovie.com,10821Jhoan
10822,Kaisei,GRONEWALD,M,63,10822@deepmovie.com,10822Kaisei
10823,Kalleb,HEINING,M,46,10823@deepmovie.com,10823Kalleb
10824,Giyanna,AUSBORNE,M,69,10824@deepmovie.com,10824Giyanna
10825,Maytal,OLLOQUI,M,59,10825@deepmovie.com,10825Maytal
10826,Naudia,MAZZEO,M,57,10826@deepmovie.com,10826Naudia
10827,Chau,ELSTROM,M,55,10827@deepmovie.com,10827Chau
10828,Jiwoo,BARRITEAU,M,75,10828@deepmovie.com,10828Jiwoo
10829,Mahari,HAMID,M,76,10829@deepmovie.com,10829Mahari
10830,Cipriana,GIANOLI,M,57,10830@deepmovie.com,10830Cipriana
10831,Brocha,NELEN,M,41,10831@deepmovie.com,10831Brocha
10832,Shalom,LEFKOWITZ,M,58,10832@deepmovie.com,10832Shalom
10833,Alyse,KATSIS,M,48,10833@deepmovie.com,10833Alyse
10834,Sahalie,VILLEREAL,M,60,10834@deepmovie.com,10834Sahalie
10835,Ozias,BILELLA,M,55,10835@deepmovie.com,10835Ozias
10836,Yuchen,MALETIC,M,62,10836@deepmovie.com,10836Yuchen
10837,Rhonda,NADY,M,55,10837@deepmovie.com,10837Rhonda
10838,Dajon,DUERR,M,59,10838@deepmovie.com,10838Dajon
10839,Makalah,GONZ,M,42,10839@deepmovie.com,10839Makalah
10840,Meilah,POSOS,M,56,10840@deepmovie.com,10840Meilah
10841,Tiah,ESTERBY,M,40,10841@deepmovie.com,10841Tiah
10842,Rousey,REZZONICO,M,62,10842@deepmovie.com,10842Rousey
10843,Zaliah,UZCATEGUI,M,64,10843@deepmovie.com,10843Zaliah
10844,Jeyren,ANZELC,M,60,10844@deepmovie.com,10844Jeyren
10845,Anarie,LACARRUBBA,M,39,10845@deepmovie.com,10845Anarie
10846,Prezley,LITVACK,M,51,10846@deepmovie.com,10846Prezley
10847,Jolissa,CHAVEZ,M,37,10847@deepmovie.com,10847Jolissa
10848,Ariaa,ZERDA,M,45,10848@deepmovie.com,10848Ariaa
10849,Azalea,KOSIS,M,46,10849@deepmovie.com,10849Azalea
10850,Shaelee,HLAVSA,M,58,10850@deepmovie.com,10850Shaelee
10851,Sparrow,MCGLENNON,M,49,10851@deepmovie.com,10851Sparrow
10852,Ogechi,KAZER,M,61,10852@deepmovie.com,10852Ogechi
10853,Lylarose,GLASURE,M,51,10853@deepmovie.com,10853Lylarose
10854,Henok,BATHIJA,M,59,10854@deepmovie.com,10854Henok
10855,Ahmet,MAGONE,M,53,10855@deepmovie.com,10855Ahmet
10856,Khadijah,EANES,M,43,10856@deepmovie.com,10856Khadijah
10857,Bart,KALPAKOFF,M,53,10857@deepmovie.com,10857Bart
10858,Geremy,VALLABHANENI,M,64,10858@deepmovie.com,10858Geremy
10859,Saivon,LACARRUBBA,M,66,10859@deepmovie.com,10859Saivon
10860,Yanet,GALLELLO,M,48,10860@deepmovie.com,10860Yanet
10861,Lakota,LEGAL,M,43,10861@deepmovie.com,10861Lakota
10862,Zanovia,BOSELLI,M,58,10862@deepmovie.com,10862Zanovia
10863,Jhanae,WARMAN,M,48,10863@deepmovie.com,10863Jhanae
10864,Lendon,TROGE,M,50,10864@deepmovie.com,10864Lendon
10865,Juliannah,TARY,M,57,10865@deepmovie.com,10865Juliannah
10866,Lejend,NEUDER,M,44,10866@deepmovie.com,10866Lejend
10867,Trebor,HESTERMANN,M,69,10867@deepmovie.com,10867Trebor
10868,Miliyah,CASTILLIO,M,73,10868@deepmovie.com,10868Miliyah
10869,Talitha,ARTISON,M,49,10869@deepmovie.com,10869Talitha
10870,Marybelle,BILBROUGH,F,59,10870@deepmovie.com,10870Marybelle
10871,Hagan,PEMPEK,M,67,10871@deepmovie.com,10871Hagan
10872,Keilee,VIVIANS,M,65,10872@deepmovie.com,10872Keilee
10873,Manvith,ZEULI,M,52,10873@deepmovie.com,10873Manvith
10874,Tonatiuh,HARBRECHT,M,55,10874@deepmovie.com,10874Tonatiuh
10875,Mubina,TRENOR,M,66,10875@deepmovie.com,10875Mubina
10876,Mina,CLIPPERT,M,48,10876@deepmovie.com,10876Mina
10877,Lamond,BERGERS,M,34,10877@deepmovie.com,10877Lamond
10878,Darianys,GOUGHENOUR,M,47,10878@deepmovie.com,10878Darianys
10879,Noa,VASTARDIS,M,50,10879@deepmovie.com,10879Noa
10880,Niharika,WLASCHIN,M,58,10880@deepmovie.com,10880Niharika
10881,Lynnsey,PANCZYK,M,38,10881@deepmovie.com,10881Lynnsey
10882,Elliyah,CRAFA,M,52,10882@deepmovie.com,10882Elliyah
10883,Abdishakur,GULLIXSON,M,53,10883@deepmovie.com,10883Abdishakur
10884,Meer,GOODERHAM,M,51,10884@deepmovie.com,10884Meer
10885,Lile,HELFFRICH,M,50,10885@deepmovie.com,10885Lile
10886,Kc,FELDHUSEN,M,41,10886@deepmovie.com,10886Kc
10887,Goldy,SANCHAZ,M,65,10887@deepmovie.com,10887Goldy
10888,Arihaan,JIHAD,M,50,10888@deepmovie.com,10888Arihaan
10889,Saxon,ELOISA,M,58,10889@deepmovie.com,10889Saxon
10890,Aashika,DEBARTOLD,M,39,10890@deepmovie.com,10890Aashika
10891,Swayde,DURET,M,66,10891@deepmovie.com,10891Swayde
10892,Dylilah,SKEITH,F,61,10892@deepmovie.com,10892Dylilah
10893,Fraya,DELCORRAL,F,56,10893@deepmovie.com,10893Fraya
10894,Amellia,HETHER,M,54,10894@deepmovie.com,10894Amellia
10895,Rayner,OKRENT,M,60,10895@deepmovie.com,10895Rayner
10896,Aagam,DUNAKIN,M,39,10896@deepmovie.com,10896Aagam
10897,Jaysson,BLOWN,M,49,10897@deepmovie.com,10897Jaysson
10898,Roxana,BIDEN,M,52,10898@deepmovie.com,10898Roxana
10899,Milli,STACHON,M,57,10899@deepmovie.com,10899Milli
10900,Tavion,GAUME,M,53,10900@deepmovie.com,10900Tavion
10901,Mairin,GANGLUFF,M,50,10901@deepmovie.com,10901Mairin
10902,Freddy,REILMAN,M,52,10902@deepmovie.com,10902Freddy
10903,Shimshon,PATINA,M,42,10903@deepmovie.com,10903Shimshon
10904,Leandro,DULLEN,F,40,10904@deepmovie.com,10904Leandro
10905,Arielis,HARTSIG,M,54,10905@deepmovie.com,10905Arielis
10906,Chandon,TATREAU,M,67,10906@deepmovie.com,10906Chandon
10907,Rori,WASTLER,M,50,10907@deepmovie.com,10907Rori
10908,Demi,NERON,M,55,10908@deepmovie.com,10908Demi
10909,Kaliq,FUSELIER,M,43,10909@deepmovie.com,10909Kaliq
10910,Emmary,KAMPH,M,34,10910@deepmovie.com,10910Emmary
10911,Leshawn,STIO,M,58,10911@deepmovie.com,10911Leshawn
10912,Kaleena,TERWILLEGAR,M,36,10912@deepmovie.com,10912Kaleena
10913,Izaak,MONIAK,M,55,10913@deepmovie.com,10913Izaak
10914,Freylin,DACHENHAUSEN,M,51,10914@deepmovie.com,10914Freylin
10915,Alanee,ABBOTTS,F,47,10915@deepmovie.com,10915Alanee
10916,Kay,FRANKS,M,47,10916@deepmovie.com,10916Kay
10917,Nyrie,HASHAM,M,54,10917@deepmovie.com,10917Nyrie
10918,Areesha,PAPAJOHN,M,63,10918@deepmovie.com,10918Areesha
10919,Ata,BALOY,M,43,10919@deepmovie.com,10919Ata
10920,Deila,STYONS,M,60,10920@deepmovie.com,10920Deila
10921,Kristoff,GALEOTTI,M,41,10921@deepmovie.com,10921Kristoff
10922,Amylea,MCGREGGOR,M,59,10922@deepmovie.com,10922Amylea
10923,Perla,DOFFIN,M,55,10923@deepmovie.com,10923Perla
10924,Drevion,MIQUEL,M,62,10924@deepmovie.com,10924Drevion
10925,Kyian,CRELIA,M,33,10925@deepmovie.com,10925Kyian
10926,Elky,RODDIE,F,58,10926@deepmovie.com,10926Elky
10927,Daedric,CARDALL,M,61,10927@deepmovie.com,10927Daedric
10928,Efrata,DAMIANO,M,48,10928@deepmovie.com,10928Efrata
10929,Embrie,GUALANDI,M,60,10929@deepmovie.com,10929Embrie
10930,Kayleigh,HOEPF,M,57,10930@deepmovie.com,10930Kayleigh
10931,Miren,DORTMAN,M,49,10931@deepmovie.com,10931Miren
10932,Purpose,TROSCLAIR,M,49,10932@deepmovie.com,10932Purpose
10933,Raydyn,NAYMIK,M,50,10933@deepmovie.com,10933Raydyn
10934,Matas,CAMBRON,M,65,10934@deepmovie.com,10934Matas
10935,Tori,ORTBALS,M,57,10935@deepmovie.com,10935Tori
10936,Galina,KELLAN,M,51,10936@deepmovie.com,10936Galina
10937,Matty,WIPPLER,M,55,10937@deepmovie.com,10937Matty
10938,Kahne,MEUDT,M,45,10938@deepmovie.com,10938Kahne
10939,Libbi,LOCKE,M,41,10939@deepmovie.com,10939Libbi
10940,Thackery,KOTORA,M,58,10940@deepmovie.com,10940Thackery
10941,Prabhnoor,PALANZA,M,54,10941@deepmovie.com,10941Prabhnoor
10942,Amner,GASSELING,M,57,10942@deepmovie.com,10942Amner
10943,Britley,KOMA,M,39,10943@deepmovie.com,10943Britley
